frame,stage,step,tau,sigma_tau,gamma2,s2,h_range,h_ker,h_over_sigma,h2_over_sigma2,inv_s2_prior,prec_prior_range,prec_prior_ker,prec_data_max,data_over_prior
0,0,0,0.0,1.0,0.009970428422093391,0.03969954352354733,0.0,0.0,0.0,0.0,25.189206505784167,25.189206505784167,25.189206505784167,24870.170593261715,987.3344199052403
1,0,1,0.111,0.9722500000000001,0.010642001405358315,0.03969954352354733,0.02775,0.02775,0.028542041655952685,0.0008146481418901383,25.189206505784167,25.190021153926057,25.190021153926057,24870.170593261715,987.3024893980888
2,0,2,0.222,0.9445,0.01062399335205555,0.03969954352354733,0.0555,0.0555,0.05876124933827422,0.0034528844237948324,25.189206505784167,25.19265939020796,25.19265939020796,24870.170593261715,987.1990966911737
3,0,3,0.333,0.9167500000000001,0.009873627685010433,0.03969954352354733,0.08325,0.08325,0.09080992637032997,0.008246442727384751,25.189206505784167,25.19745294851155,25.19745294851155,24870.170593261715,987.0112921366059
4,0,4,0.444,0.889,0.009073696099221706,0.03969954352354733,0.111,0.111,0.12485939257592801,0.015589867914429706,25.189206505784167,25.204796373698596,25.204796373698596,24870.170593261715,986.7237260926232
5,0,5,0.555,0.86125,0.008365506306290627,0.03969954352354733,0.13875,0.13875,0.16110304789550076,0.025954192041220004,25.189206505784167,25.215160697825386,25.215160697825386,24870.170593261715,986.3181476930495
6,0,6,0.666,0.8335,0.007804953958839178,0.03969954352354733,0.1665,0.1665,0.19976004799040192,0.039904076773127684,25.189206505784167,25.229110582557293,25.229110582557293,24870.170593261715,985.7727846520385
7,0,7,0.777,0.80575,0.0074211894534528255,0.03969954352354733,0.19425,0.19425,0.24107973937325475,0.058119440736276444,25.189206505784167,25.247325946520444,25.247325946520444,24870.170593261715,985.0615723004635
8,0,8,0.888,0.778,0.00719289667904377,0.03969954352354733,0.222,0.222,0.2853470437017995,0.08142293534935667,25.189206505784167,25.270629441133522,25.270629441133522,24870.170593261715,984.1531906118661
9,0,9,0.999,0.75025,0.007022725883871317,0.03969954352354733,0.24975,0.24975,0.3328890369876708,0.11081511094657885,25.189206505784167,25.300021616730746,25.300021616730746,24870.170593261715,983.0098554862589
10,1,0,0.0,0.8571428571428572,0.013227979652583599,0.04718059426719991,0.14285714285714285,0.0,0.16666666666666666,0.027777777777777773,21.19515482015035,21.22293259792813,21.19515482015035,6259.245300292968,294.9283880260743
11,1,1,0.111,0.8175000000000001,0.012689127586781979,0.04718059426719991,0.1825,0.0555,0.22324159021406725,0.049836807601305516,21.19515482015035,21.244991627751656,21.199763859793478,6259.245300292968,294.62215895235823
12,1,2,0.222,0.7778571428571429,0.012317526154220104,0.04718059426719991,0.22214285714285714,0.111,0.2855831037649219,0.08155770915600617,21.19515482015035,21.276712529306355,21.215518031527836,6259.245300292968,294.1829143798197
13,1,3,0.333,0.7382142857142858,0.012009454891085625,0.04718059426719991,0.2617857142857143,0.1665,0.3546202225447508,0.12575550223768858,21.19515482015035,21.320910322388038,21.246025036551142,6259.245300292968,293.57307946276774
14,1,4,0.444,0.6985714285714286,0.011795909143984318,0.04718059426719991,0.30142857142857143,0.222,0.4314928425357873,0.18618607315961375,21.19515482015035,21.381340893309964,21.296146201083015,6259.245300292968,292.7433471794761
15,1,5,0.555,0.6589285714285714,0.011530348099768162,0.04718059426719991,0.3410714285714286,0.2775,0.5176151761517616,0.2679254705826191,21.19515482015035,21.463080290732968,21.372512213236476,6259.245300292968,291.6284715663808
16,1,6,0.666,0.6192857142857142,0.011259624734520912,0.04718059426719991,0.3807142857142857,0.333,0.6147635524798155,0.37793422545760286,21.19515482015035,21.573089045607954,21.484293599618987,6259.245300292968,290.141355605598
17,1,7,0.777,0.5796428571428571,0.010943361558020115,0.04718059426719991,0.4203571428571429,0.3885,0.7252002464571781,0.5259153974615518,21.19515482015035,21.721070217611903,21.64437687419554,6259.245300292968,288.1646823837363
18,1,8,0.888,0.54,0.010707459412515163,0.04718059426719991,0.46,0.444,0.8518518518518519,0.7256515775034293,21.19515482015035,21.92080639765378,21.871204202866398,6259.244918823241,285.53899000235583
19,1,9,0.999,0.5003571428571428,0.010580291040241718,0.04718059426719991,0.49964285714285717,0.4995,0.9985724482512492,0.9971469344064938,21.19515482015035,22.192301754556844,22.191731630535102,6259.244918823241,282.0457737124092
20,2,0,0.0,0.6666666666666667,0.011577649042010307,0.05210772396874556,0.3333333333333333,0.0,0.49999999999999994,0.24999999999999994,19.191012844848192,19.441012844848192,19.191012844848192,1560.6915473937986,80.27830442010006
21,2,1,0.111,0.6204166666666668,0.011458246037364006,0.05210772396874556,0.37958333333333333,0.08325,0.6118200134318332,0.3743237288357286,19.191012844848192,19.565336573683922,19.209018195029802,1560.6916427612302,79.7681980518759
22,2,2,0.222,0.5741666666666667,0.011648545041680336,0.05210772396874556,0.4258333333333333,0.1665,0.7416545718432509,0.5500515039359959,19.191012844848192,19.74106434878419,19.275104427061745,1560.6915473937986,79.05812573322159
23,2,3,0.333,0.5279166666666668,0.011883500963449478,0.05210772396874556,0.47208333333333335,0.24975000000000003,0.8942383583267559,0.7996622415029316,19.191012844848192,19.990675086351125,19.414823236621885,1560.6915473937986,78.07097762593219
24,2,4,0.444,0.48166666666666674,0.01197701133787632,0.05210772396874556,0.5183333333333333,0.333,1.0761245674740483,1.1580440847212072,19.191012844848192,20.3490569295694,19.6689769496841,1560.6916427612302,76.69601830507314
25,2,5,0.555,0.4354166666666667,0.012359649874269962,0.05210772396874556,0.5645833333333333,0.41625,1.2966507177033493,1.6813030837206107,19.191012844848192,20.872315928568803,20.10491225191305,1560.6916427612302,74.77328572940232
26,2,6,0.666,0.38916666666666666,0.012831875123083591,0.05210772396874556,0.6108333333333333,0.49950000000000006,1.569593147751606,2.4636226494687947,19.191012844848192,21.654635494316988,20.838415327320945,1560.6916427612302,72.07194243333332
27,2,7,0.777,0.34291666666666665,0.013585136272013187,0.05210772396874556,0.6570833333333334,0.58275,1.9161603888213854,3.671670635688123,19.191012844848192,22.862683480536315,22.078947600336292,1560.6915473937986,68.2637079204837
28,2,8,0.888,0.2966666666666667,0.014856654219329357,0.05210772396874556,0.7033333333333334,0.666,2.3707865168539324,5.620628708496401,19.191012844848192,24.811641553344593,24.23078560081335,1560.6916427612302,62.90158752317015
29,2,9,0.999,0.2504166666666667,0.016559859737753868,0.05210772396874556,0.7495833333333333,0.74925,2.9933444259567383,8.960110852406276,19.191012844848192,28.15112369725447,28.143156498935525,1560.6915473937986,55.439760209146115
30,3,0,0.0,0.3999999999999999,0.009436266363731452,0.05543326541794339,0.6000000000000001,0.0,1.5000000000000007,2.2500000000000018,18.039709413840637,20.28970941384064,18.039709413840637,399.99999999999994,19.714427241976153
31,3,1,0.111,0.3555999999999999,0.01041741163602897,0.05543326541794339,0.6444000000000001,0.111,1.8121484814398208,3.2838821187846485,18.039709413840637,21.323591532625287,18.137146088305823,399.99999999999994,18.75856604118478
32,3,2,0.222,0.3111999999999999,0.011588477263493198,0.05543326541794339,0.6888000000000001,0.222,2.2133676092544996,4.89899617369698,18.039709413840637,22.938705587537616,18.548602759774116,399.99999999999994,17.437775574281584
33,3,3,0.333,0.2668,0.012996630277484655,0.05543326541794339,0.7332000000000001,0.333,2.7481259370314848,7.552196165785175,18.039709413840637,25.591905579625813,19.597527768531357,399.99999999999994,15.629942004726967
34,3,4,0.444,0.22239999999999996,0.014714584685862064,0.05543326541794339,0.7776000000000001,0.444,3.4964028776978426,12.224833083173756,18.039709413840637,30.264542497014393,22.025333863920864,399.99999999999994,13.216786608932221
35,3,5,0.555,0.17799999999999994,0.01717439160815307,0.05543326541794339,0.8220000000000001,0.555,4.61797752808989,21.325716449943208,18.039709413840637,39.36542586378384,27.76149327951417,399.99999999999994,10.161200881812373
36,3,6,0.666,0.13359999999999997,0.020981202567262307,0.05543326541794339,0.8664000000000001,0.666,6.485029940119762,42.055613324249734,18.039709413840637,60.095322738090374,42.890232917731076,399.99999999999994,6.656092051344737
37,3,7,0.777,0.08919999999999997,0.027574546369058744,0.05543326541794339,0.9108,0.777,10.210762331838568,104.2596673972934,18.039709413840637,122.29937681113404,93.91708981561833,399.99999999999994,3.2706626184834677
38,3,8,0.888,0.044799999999999986,0.044128120211618285,0.05543326541794339,0.9552,0.888,21.32142857142858,454.60331632653094,18.039709413840637,472.64302574037157,410.9287400260858,399.99999999999994,0.8463046701544363
39,3,9,0.999,0.0004000000000000003,0.1419714934059552,0.05543326541794339,0.9996,0.999,2498.999999999998,6245000.999999992,18.039709413840637,6245019.039709405,6237524.289709404,399.99999999999994,6.405104571444395e-05
