stage,step,tau,sigma_tau,mse_x1,h0,mse_hole,mse_obs
0,0,0.0,1.0,0.04273860901594162,0.1,0.14752979576587677,0.00780821405351162
0,1,0.111,0.9722500000000001,0.048480670899152756,0.1,0.17051227390766144,0.007803464308381081
0,2,0.222,0.9445,0.053758829832077026,0.1,0.19165462255477905,0.007793567143380642
0,3,0.333,0.9167500000000001,0.08654415607452393,0.1,0.3229888379573822,0.007729267235845327
0,4,0.444,0.889,0.1661716252565384,0.1,0.6414429545402527,0.007747841998934746
0,5,0.555,0.86125,0.36412152647972107,0.1,1.4329191446304321,0.007855602540075779
0,6,0.666,0.8335,0.679193913936615,0.1,2.693247079849243,0.007842804305255413
0,7,0.777,0.80575,1.126114010810852,0.1,4.481098651885986,0.007785762194544077
0,8,0.888,0.778,1.380913496017456,0.1,5.5001068115234375,0.007849115878343582
0,9,0.999,0.75025,1.453811526298523,0.1,5.791733264923096,0.007837544195353985
1,0,0.0,0.8571428571428572,3.039170742034912,0.1,12.140973091125488,0.005236528348177671
1,1,0.111,0.8175000000000001,2.747166633605957,0.1,10.973246574401855,0.005140034481883049
1,2,0.222,0.7778571428571429,2.246431827545166,0.1,8.970274925231934,0.005150663200765848
1,3,0.333,0.7382142857142858,1.7468078136444092,0.1,6.971437931060791,0.005264137405902147
1,4,0.444,0.6985714285714286,1.4422833919525146,0.1,5.7534356117248535,0.005232376977801323
1,5,0.555,0.6589285714285714,1.3060699701309204,0.1,5.208400249481201,0.005293184891343117
1,6,0.666,0.6192857142857142,1.115056037902832,0.1,4.44467830657959,0.005181977059692144
1,7,0.777,0.5796428571428571,0.9170451164245605,0.1,3.652236223220825,0.005314784124493599
1,8,0.888,0.54,0.7473539113998413,0.1,2.97369647026062,0.005239647347480059
1,9,0.999,0.5003571428571428,0.6248539686203003,0.1,2.4837658405303955,0.005216636229306459
2,0,0.0,0.6666666666666667,0.9240710139274597,0.1,3.677639961242676,0.006214713212102652
2,1,0.111,0.6204166666666668,1.8896887302398682,0.1,7.540042400360107,0.0062376284040510654
2,2,0.222,0.5741666666666667,2.791016101837158,0.1,11.14498519897461,0.006359368097037077
2,3,0.333,0.5279166666666668,2.112790584564209,0.1,8.432507514953613,0.006218112539499998
2,4,0.444,0.48166666666666674,1.446610689163208,0.1,5.767854690551758,0.0061958422884345055
2,5,0.555,0.4354166666666667,0.9290985465049744,0.1,3.69781756401062,0.0061922091990709305
2,6,0.666,0.38916666666666666,0.6270842552185059,0.1,2.489858865737915,0.006159396842122078
2,7,0.777,0.34291666666666665,0.4425743818283081,0.1,1.751944899559021,0.006117560900747776
2,8,0.888,0.2966666666666667,0.33512744307518005,0.1,1.3221205472946167,0.006129794754087925
2,9,0.999,0.2504166666666667,0.2671631872653961,0.1,1.0503320693969727,0.006106847897171974
3,0,0.0,0.3999999999999999,0.4505990743637085,0.1,1.7949304580688477,0.002488597296178341
3,1,0.111,0.3555999999999999,0.38733455538749695,0.1,1.541868805885315,0.0024897484108805656
3,2,0.222,0.3111999999999999,0.3370911777019501,0.1,1.3408435583114624,0.002507102210074663
3,3,0.333,0.2668,0.29852211475372314,0.1,1.1866329908370972,0.002485158620402217
3,4,0.444,0.22239999999999996,0.27426043152809143,0.1,1.089651107788086,0.0024635372683405876
3,5,0.555,0.17799999999999994,0.25737759470939636,0.1,1.0221940279006958,0.002438787603750825
3,6,0.666,0.13359999999999997,0.24912971258163452,0.1,0.9893843531608582,0.0023781938944011927
3,7,0.777,0.08919999999999997,0.24482905864715576,0.1,0.9725127816200256,0.0022677890956401825
3,8,0.888,0.044799999999999986,0.24365322291851044,0.1,0.9691237807273865,0.0018296907655894756
3,9,0.999,0.0004000000000000003,0.24365322291851044,0.1,0.9691237807273865,0.0018296907655894756
0,0,0.0,1.0,0.042738597840070724,0.5,0.1475297510623932,0.007808214984834194
0,1,0.111,0.9722500000000001,0.047633927315473557,0.5,0.16712546348571777,0.007803420070558786
0,2,0.222,0.9445,0.047515373677015305,0.5,0.16668112576007843,0.007793446537107229
0,3,0.333,0.9167500000000001,0.062405072152614594,0.5,0.22643281519412994,0.007729147095233202
0,4,0.444,0.889,0.09744184464216232,0.5,0.3665236532688141,0.007747899275273085
0,5,0.555,0.86125,0.17796847224235535,0.5,0.6883065104484558,0.007855799980461597
0,6,0.666,0.8335,0.3250122368335724,0.5,1.2765214443206787,0.00784248486161232
0,7,0.777,0.80575,0.5380637049674988,0.5,2.1288983821868896,0.00778543297201395
0,8,0.888,0.778,0.6990774869918823,0.5,2.772754430770874,0.00785179901868105
0,9,0.999,0.75025,0.8005742430686951,0.5,3.1787874698638916,0.007836516946554184
1,0,0.0,0.8571428571428572,2.7301063537597656,0.5,10.90471363067627,0.005236594006419182
1,1,0.111,0.8175000000000001,2.3552708625793457,0.5,9.405662536621094,0.005140204448252916
1,2,0.222,0.7778571428571429,1.719811201095581,0.5,6.863792896270752,0.005150573793798685
1,3,0.333,0.7382142857142858,1.0460255146026611,0.5,4.168310642242432,0.005263681057840586
1,4,0.444,0.6985714285714286,0.6261385679244995,0.5,2.488863468170166,0.00523022748529911
1,5,0.555,0.6589285714285714,0.5424181222915649,0.5,2.1537840366363525,0.005296194925904274
1,6,0.666,0.6192857142857142,0.5125466585159302,0.5,2.0346128940582275,0.005191272124648094
1,7,0.777,0.5796428571428571,0.4715762734413147,0.5,1.8703441619873047,0.005320269614458084
1,8,0.888,0.54,0.438126802444458,0.5,1.7367783784866333,0.005243020597845316
1,9,0.999,0.5003571428571428,0.4035007953643799,0.5,1.5983473062515259,0.005218604579567909
2,0,0.0,0.6666666666666667,0.785841166973114,0.5,3.124720573425293,0.006214688066393137
2,1,0.111,0.6204166666666668,1.3523577451705933,0.5,5.390718460083008,0.006237258668988943
2,2,0.222,0.5741666666666667,1.8776568174362183,0.5,7.491567134857178,0.00635320320725441
2,3,0.333,0.5279166666666668,1.4867600202560425,0.5,5.92837381362915,0.006222018040716648
2,4,0.444,0.48166666666666674,1.0538872480392456,0.5,4.196975231170654,0.006190994754433632
2,5,0.555,0.4354166666666667,0.6999158263206482,0.5,2.781099319458008,0.006187842693179846
2,6,0.666,0.38916666666666666,0.4819187521934509,0.5,1.9092168807983398,0.006152663845568895
2,7,0.777,0.34291666666666665,0.34274983406066895,0.5,1.3526763916015625,0.006107684224843979
2,8,0.888,0.2966666666666667,0.25335073471069336,0.5,0.9950420260429382,0.006120292469859123
2,9,0.999,0.2504166666666667,0.20161083340644836,0.5,0.7881112694740295,0.006110657472163439
3,0,0.0,0.3999999999999999,0.42578089237213135,0.5,1.6956548690795898,0.002489616861566901
3,1,0.111,0.3555999999999999,0.37744140625,0.5,1.5022867918014526,0.0024929302744567394
3,2,0.222,0.3111999999999999,0.4682997167110443,0.5,1.865665316581726,0.002511167200282216
3,3,0.333,0.2668,0.5698328018188477,0.5,2.271854877471924,0.002492048777639866
3,4,0.444,0.22239999999999996,0.6377130746841431,0.5,2.543414831161499,0.0024791688192635775
3,5,0.555,0.17799999999999994,0.6790505647659302,0.5,2.7088210582733154,0.0024605041835457087
3,6,0.666,0.13359999999999997,0.6951018571853638,0.5,2.7731733322143555,0.002411309629678726
3,7,0.777,0.08919999999999997,0.696424663066864,0.5,2.7786874771118164,0.0023369798436760902
3,8,0.888,0.044799999999999986,0.6988031268119812,0.5,2.7895214557647705,0.0018968672957271338
3,9,0.999,0.0004000000000000003,0.6988031268119812,0.5,2.7895214557647705,0.0018968672957271338
0,0,0.0,1.0,0.04273861274123192,1.0,0.14752981066703796,0.007808213587850332
0,1,0.111,0.9722500000000001,0.04746989160776138,1.0,0.16646932065486908,0.007803416810929775
0,2,0.222,0.9445,0.04630681872367859,1.0,0.16184741258621216,0.007793291471898556
0,3,0.333,0.9167500000000001,0.05831381678581238,1.0,0.21006835997104645,0.007728959899395704
0,4,0.444,0.889,0.0859743058681488,1.0,0.32065215706825256,0.007748358882963657
0,5,0.555,0.86125,0.14987005293369293,1.0,0.575912356376648,0.007855970412492752
0,6,0.666,0.8335,0.279174268245697,1.0,1.0931715965270996,0.007841820828616619
0,7,0.777,0.80575,0.4466778635978699,1.0,1.7633557319641113,0.007785249967128038
0,8,0.888,0.778,0.5598000884056091,1.0,2.2156362533569336,0.007854673080146313
0,9,0.999,0.75025,0.7055696249008179,1.0,2.7987709045410156,0.007835837081074715
1,0,0.0,0.8571428571428572,3.1161270141601562,1.0,12.448799133300781,0.0052366056479513645
1,1,0.111,0.8175000000000001,2.651427745819092,1.0,10.590290069580078,0.005140312481671572
1,2,0.222,0.7778571428571429,1.85211181640625,1.0,7.392995834350586,0.005150537472218275
1,3,0.333,0.7382142857142858,1.0189504623413086,1.0,4.0600104331970215,0.005263748578727245
1,4,0.444,0.6985714285714286,0.5266687870025635,1.0,2.0909805297851562,0.005231475457549095
1,5,0.555,0.6589285714285714,0.44040510058403015,1.0,1.7457059621810913,0.005304807797074318
1,6,0.666,0.6192857142857142,0.4316099286079407,1.0,1.710845947265625,0.005197880323976278
1,7,0.777,0.5796428571428571,0.4293714463710785,1.0,1.701493740081787,0.005330699495971203
1,8,0.888,0.54,0.4479222297668457,1.0,1.7759419679641724,0.005248988512903452
1,9,0.999,0.5003571428571428,0.5317726135253906,1.0,2.1114087104797363,0.005227223038673401
2,0,0.0,0.6666666666666667,0.8980785608291626,1.0,3.5736687183380127,0.0062150429002940655
2,1,0.111,0.6204166666666668,1.2637529373168945,1.0,5.036301136016846,0.006236754823476076
2,2,0.222,0.5741666666666667,1.7734603881835938,1.0,7.074802875518799,0.0063461740501224995
2,3,0.333,0.5279166666666668,1.5859756469726562,1.0,6.32521390914917,0.00622957618907094
2,4,0.444,0.48166666666666674,1.1627646684646606,1.0,4.632460594177246,0.006199227645993233
2,5,0.555,0.4354166666666667,0.7762129306793213,1.0,3.086273193359375,0.0061928946524858475
2,6,0.666,0.38916666666666666,0.5222972631454468,1.0,2.0707147121429443,0.006158075761049986
2,7,0.777,0.34291666666666665,0.361683189868927,1.0,1.4283714294433594,0.0061204517260193825
2,8,0.888,0.2966666666666667,0.25819915533065796,1.0,1.0143753290176392,0.006140382960438728
2,9,0.999,0.2504166666666667,0.2003599852323532,1.0,0.7829720377922058,0.006155977491289377
3,0,0.0,0.3999999999999999,0.4637620151042938,1.0,1.8475669622421265,0.0024936955887824297
3,1,0.111,0.3555999999999999,0.4528118073940277,1.0,1.8037461042404175,0.002500406466424465
3,2,0.222,0.3111999999999999,0.7128429412841797,1.0,2.8438098430633545,0.002520718378946185
3,3,0.333,0.2668,0.7979087829589844,1.0,3.184110641479492,0.002508193254470825
3,4,0.444,0.22239999999999996,0.8399695754051208,1.0,3.3523662090301514,0.0025040144100785255
3,5,0.555,0.17799999999999994,0.8576159477233887,1.0,3.4229538440704346,0.0025031892582774162
3,6,0.666,0.13359999999999997,0.850128173828125,1.0,3.393071413040161,0.002480420283973217
3,7,0.777,0.08919999999999997,0.8324260115623474,1.0,3.3222885131835938,0.0024718157947063446
3,8,0.888,0.044799999999999986,0.8228738307952881,1.0,3.285055160522461,0.002146719954907894
3,9,0.999,0.0004000000000000003,0.8228738307952881,1.0,3.285055160522461,0.002146719954907894
