arm,frame,tau,sigma_tau,draw,mse_hole_x1hat,mse_hole_out,delta_block1,inj_hole,cg_iters,cg_resid,s2_scalar_equiv,hole_spread
pooled_junco,32,0.222,0.3111999999999999,0,0.08430609852075577,0.13484053313732147,0.050534434616565704,0.05074388161301613,3,7.832912096716882e-11,0.05543326541794339,0.22296282649040222
pooled_junco,32,0.222,0.3111999999999999,1,0.08430609852075577,0.13581548631191254,0.05150938779115677,0.051535870879888535,3,6.85162759861413e-11,0.05543326541794339,0.22296282649040222
pooled_junco,32,0.222,0.3111999999999999,2,0.08430609852075577,0.13621391355991364,0.05190781503915787,0.0516827292740345,3,9.202671263919271e-11,0.05543326541794339,0.22296282649040222
pooled_junco,32,0.222,0.3111999999999999,3,0.08430609852075577,0.13574367761611938,0.05143757909536362,0.05132757127285004,3,1.066882693301352e-10,0.05543326541794339,0.22296282649040222
pooled_junco,32,0.222,0.3111999999999999,4,0.08430609852075577,0.13624124228954315,0.051935143768787384,0.05211278796195984,3,6.70532795954415e-11,0.05543326541794339,0.22296282649040222
pooled_junco,32,0.222,0.3111999999999999,5,0.08430609852075577,0.13590644299983978,0.051600344479084015,0.05100073292851448,3,5.689134233155535e-11,0.05543326541794339,0.22296282649040222
pooled_junco,32,0.222,0.3111999999999999,6,0.08430609852075577,0.13555394113063812,0.051247842609882355,0.051043737679719925,3,6.764282883819916e-11,0.05543326541794339,0.22296282649040222
pooled_junco,32,0.222,0.3111999999999999,7,0.08430609852075577,0.13550297915935516,0.051196880638599396,0.05142976716160774,3,8.85087836355325e-11,0.05543326541794339,0.22296282649040222
pooled_junco,32,0.222,0.3111999999999999,8,0.08430609852075577,0.1359574943780899,0.05165139585733414,0.05091075226664543,3,2.0823515134438253e-10,0.05543326541794339,0.22296282649040222
pooled_junco,32,0.222,0.3111999999999999,9,0.08430609852075577,0.13450247049331665,0.05019637197256088,0.05069863796234131,3,7.523032197198631e-11,0.05543326541794339,0.22296282649040222
pooled_junco,32,0.222,0.3111999999999999,10,0.08430609852075577,0.1363738626241684,0.05206776410341263,0.052181750535964966,3,6.420814574470413e-11,0.05543326541794339,0.22296282649040222
pooled_junco,32,0.222,0.3111999999999999,11,0.08430609852075577,0.13679970800876617,0.052493609488010406,0.05152515694499016,3,1.481916811485462e-10,0.05543326541794339,0.22296282649040222
pooled_junco,32,0.222,0.3111999999999999,12,0.08430609852075577,0.13630311191082,0.05199701339006424,0.05157614126801491,3,5.759103610669669e-11,0.05543326541794339,0.22296282649040222
pooled_junco,32,0.222,0.3111999999999999,13,0.08430609852075577,0.1357373148202896,0.051431216299533844,0.05161287263035774,3,1.1264509464092853e-10,0.05543326541794339,0.22296282649040222
pooled_junco,32,0.222,0.3111999999999999,14,0.08430609852075577,0.13560642302036285,0.051300324499607086,0.05131617560982704,3,9.00545402138242e-11,0.05543326541794339,0.22296282649040222
pooled_junco,32,0.222,0.3111999999999999,15,0.08430609852075577,0.13476866483688354,0.05046256631612778,0.051435694098472595,3,1.0131000899304965e-10,0.05543326541794339,0.22296282649040222
pooled_junco,35,0.555,0.17799999999999994,0,0.10362058132886887,0.1366652399301529,0.03304465860128403,0.03319406881928444,3,2.580288482878501e-10,0.05543326541794339,0.1796277016401291
pooled_junco,35,0.555,0.17799999999999994,1,0.10362058132886887,0.13681572675704956,0.033195145428180695,0.03345729410648346,3,2.0290302771286406e-10,0.05543326541794339,0.1796277016401291
pooled_junco,35,0.555,0.17799999999999994,2,0.10362058132886887,0.13695485889911652,0.03333427757024765,0.03352159634232521,3,2.7094321231047047e-10,0.05543326541794339,0.1796277016401291
pooled_junco,35,0.555,0.17799999999999994,3,0.10362058132886887,0.1371072381734848,0.033486656844615936,0.033351216465234756,3,1.9375105686503247e-10,0.05543326541794339,0.1796277016401291
pooled_junco,35,0.555,0.17799999999999994,4,0.10362058132886887,0.1374235302209854,0.03380294889211655,0.033738818019628525,3,2.0052949578630574e-10,0.05543326541794339,0.1796277016401291
pooled_junco,35,0.555,0.17799999999999994,5,0.10362058132886887,0.1367999166250229,0.03317933529615402,0.0329120047390461,3,2.4170132562062463e-10,0.05543326541794339,0.1796277016401291
pooled_junco,35,0.555,0.17799999999999994,6,0.10362058132886887,0.13697384297847748,0.03335326164960861,0.03304225951433182,3,2.0020696211986433e-10,0.05543326541794339,0.1796277016401291
pooled_junco,35,0.555,0.17799999999999994,7,0.10362058132886887,0.13755004107952118,0.03392945975065231,0.033623382449150085,3,3.2620883771983245e-10,0.05543326541794339,0.1796277016401291
pooled_junco,35,0.555,0.17799999999999994,8,0.10362058132886887,0.13747180998325348,0.03385122865438461,0.033033791929483414,3,3.4677619109579894e-10,0.05543326541794339,0.1796277016401291
pooled_junco,35,0.555,0.17799999999999994,9,0.10362058132886887,0.13584758341312408,0.03222700208425522,0.0330590084195137,3,2.558787626227854e-10,0.05543326541794339,0.1796277016401291
pooled_junco,35,0.555,0.17799999999999994,10,0.10362058132886887,0.13707317411899567,0.0334525927901268,0.0336981825530529,3,2.0995190308514822e-10,0.05543326541794339,0.1796277016401291
pooled_junco,35,0.555,0.17799999999999994,11,0.10362058132886887,0.13714700937271118,0.033526428043842316,0.03316042572259903,3,2.231568402288886e-10,0.05543326541794339,0.1796277016401291
pooled_junco,35,0.555,0.17799999999999994,12,0.10362058132886887,0.1380951851606369,0.034474603831768036,0.03358076512813568,3,2.1049502418879484e-10,0.05543326541794339,0.1796277016401291
pooled_junco,35,0.555,0.17799999999999994,13,0.10362058132886887,0.1372099369764328,0.033589355647563934,0.0333377830684185,3,2.0414503421051222e-10,0.05543326541794339,0.1796277016401291
pooled_junco,35,0.555,0.17799999999999994,14,0.10362058132886887,0.13735893368721008,0.03373835235834122,0.033511992543935776,3,2.580775038119043e-10,0.05543326541794339,0.1796277016401291
pooled_junco,35,0.555,0.17799999999999994,15,0.10362058132886887,0.13611118495464325,0.032490603625774384,0.033326055854558945,3,2.0682988655096324e-10,0.05543326541794339,0.1796277016401291
pooled_junco,37,0.777,0.08919999999999997,0,0.13654166460037231,0.14657913148403168,0.010037466883659363,0.010027039796113968,3,2.2086737994087002e-10,0.05543326541794339,0.09836279600858688
pooled_junco,37,0.777,0.08919999999999997,1,0.13654166460037231,0.14639894664287567,0.009857282042503357,0.01005158107727766,3,2.7895519227882914e-10,0.05543326541794339,0.09836279600858688
pooled_junco,37,0.777,0.08919999999999997,2,0.13654166460037231,0.14658214151859283,0.01004047691822052,0.010052114725112915,3,2.1481816325774616e-10,0.05543326541794339,0.09836279600858688
pooled_junco,37,0.777,0.08919999999999997,3,0.13654166460037231,0.14649486541748047,0.009953200817108154,0.010029359720647335,3,2.457792580567997e-10,0.05543326541794339,0.09836279600858688
pooled_junco,37,0.777,0.08919999999999997,4,0.13654166460037231,0.1466381698846817,0.010096505284309387,0.010062363930046558,3,2.0768532726922473e-10,0.05543326541794339,0.09836279600858688
pooled_junco,37,0.777,0.08919999999999997,5,0.13654166460037231,0.1465294361114502,0.00998777151107788,0.009872113354504108,3,2.585250069575551e-10,0.05543326541794339,0.09836279600858688
pooled_junco,37,0.777,0.08919999999999997,6,0.13654166460037231,0.14652876555919647,0.009987100958824158,0.009944407269358635,3,2.794475484346748e-10,0.05543326541794339,0.09836279600858688
pooled_junco,37,0.777,0.08919999999999997,7,0.13654166460037231,0.1466129869222641,0.010071322321891785,0.010091357864439487,3,3.5165853562446614e-10,0.05543326541794339,0.09836279600858688
pooled_junco,37,0.777,0.08919999999999997,8,0.13654166460037231,0.1467301994562149,0.01018853485584259,0.009908473119139671,3,2.431911061417935e-10,0.05543326541794339,0.09836279600858688
pooled_junco,37,0.777,0.08919999999999997,9,0.13654166460037231,0.14648663997650146,0.00994497537612915,0.009997892193496227,3,2.1953941442554026e-10,0.05543326541794339,0.09836279600858688
pooled_junco,37,0.777,0.08919999999999997,10,0.13654166460037231,0.14675621688365936,0.010214552283287048,0.01007604505866766,3,1.899680829309247e-10,0.05543326541794339,0.09836279600858688
pooled_junco,37,0.777,0.08919999999999997,11,0.13654166460037231,0.1466878056526184,0.010146141052246094,0.00984786543995142,3,2.1851254139448884e-10,0.05543326541794339,0.09836279600858688
pooled_junco,37,0.777,0.08919999999999997,12,0.13654166460037231,0.1465882807970047,0.010046616196632385,0.010077507235109806,3,3.774041912318893e-10,0.05543326541794339,0.09836279600858688
pooled_junco,37,0.777,0.08919999999999997,13,0.13654166460037231,0.14603523910045624,0.009493574500083923,0.009932950139045715,3,1.860333415093507e-10,0.05543326541794339,0.09836279600858688
pooled_junco,37,0.777,0.08919999999999997,14,0.13654166460037231,0.14698858559131622,0.010446920990943909,0.010068834759294987,3,2.6480578840804014e-10,0.05543326541794339,0.09836279600858688
pooled_junco,37,0.777,0.08919999999999997,15,0.13654166460037231,0.14600567519664764,0.00946401059627533,0.01000522542744875,3,2.2229881824209485e-10,0.05543326541794339,0.09836279600858688
pooled_junco,38,0.888,0.044799999999999986,0,0.14701847732067108,0.1494969129562378,0.0024784356355667114,0.0023538132663816214,3,7.664636980653228e-11,0.05543326541794339,0.047633036971092224
pooled_junco,38,0.888,0.044799999999999986,1,0.14701847732067108,0.14931492507457733,0.00229644775390625,0.002360866405069828,3,8.449144855982027e-11,0.05543326541794339,0.047633036971092224
pooled_junco,38,0.888,0.044799999999999986,2,0.14701847732067108,0.14942730963230133,0.002408832311630249,0.002357354387640953,3,8.403965023884297e-11,0.05543326541794339,0.047633036971092224
pooled_junco,38,0.888,0.044799999999999986,3,0.14701847732067108,0.14940553903579712,0.0023870617151260376,0.0023556880187243223,3,6.350545089794934e-11,0.05543326541794339,0.047633036971092224
pooled_junco,38,0.888,0.044799999999999986,4,0.14701847732067108,0.1493275910615921,0.0023091137409210205,0.002353539690375328,3,1.2874017130126703e-10,0.05543326541794339,0.047633036971092224
pooled_junco,38,0.888,0.044799999999999986,5,0.14701847732067108,0.1494354009628296,0.0024169236421585083,0.0023219517897814512,3,1.0090949603691612e-10,0.05543326541794339,0.047633036971092224
pooled_junco,38,0.888,0.044799999999999986,6,0.14701847732067108,0.14926981925964355,0.002251341938972473,0.002338218269869685,3,7.120638106927757e-11,0.05543326541794339,0.047633036971092224
pooled_junco,38,0.888,0.044799999999999986,7,0.14701847732067108,0.1493610441684723,0.0023425668478012085,0.0023609010968357325,3,9.8643399004672e-11,0.05543326541794339,0.047633036971092224
pooled_junco,38,0.888,0.044799999999999986,8,0.14701847732067108,0.14953647553920746,0.002517998218536377,0.0023236179258674383,3,9.263888267607712e-11,0.05543326541794339,0.047633036971092224
pooled_junco,38,0.888,0.044799999999999986,9,0.14701847732067108,0.14916498959064484,0.002146512269973755,0.0023517191875725985,3,1.1313835979187559e-10,0.05543326541794339,0.047633036971092224
pooled_junco,38,0.888,0.044799999999999986,10,0.14701847732067108,0.14947400987148285,0.0024555325508117676,0.0023632855154573917,3,1.006800129377261e-10,0.05543326541794339,0.047633036971092224
pooled_junco,38,0.888,0.044799999999999986,11,0.14701847732067108,0.1496151238679886,0.002596646547317505,0.002302328823134303,3,7.40518063535589e-11,0.05543326541794339,0.047633036971092224
pooled_junco,38,0.888,0.044799999999999986,12,0.14701847732067108,0.1494971364736557,0.002478659152984619,0.0023616754915565252,3,7.74057831720576e-11,0.05543326541794339,0.047633036971092224
pooled_junco,38,0.888,0.044799999999999986,13,0.14701847732067108,0.14909975230693817,0.00208127498626709,0.002326433314010501,3,8.538560136717166e-11,0.05543326541794339,0.047633036971092224
pooled_junco,38,0.888,0.044799999999999986,14,0.14701847732067108,0.14964668452739716,0.0026282072067260742,0.002358380937948823,3,9.69180846688289e-11,0.05543326541794339,0.047633036971092224
pooled_junco,38,0.888,0.044799999999999986,15,0.14701847732067108,0.14928317070007324,0.0022646933794021606,0.002348092617467046,3,6.470047414497415e-11,0.05543326541794339,0.047633036971092224
spectral,32,0.222,0.3111999999999999,0,0.08430609852075577,0.1009874939918518,0.01668139547109604,0.017527233809232712,123,9.359107025375124e-06,0.2755221128463745,0.12907961010932922
spectral,32,0.222,0.3111999999999999,1,0.08430609852075577,0.10133711248636246,0.01703101396560669,0.01762978918850422,123,9.413485713594127e-06,0.2755221128463745,0.12907961010932922
spectral,32,0.222,0.3111999999999999,2,0.08430609852075577,0.10221675783395767,0.017910659313201904,0.01792321167886257,123,9.367611710331403e-06,0.2755221128463745,0.12907961010932922
spectral,32,0.222,0.3111999999999999,3,0.08430609852075577,0.10328307747840881,0.018976978957653046,0.017897838726639748,123,9.370270163344685e-06,0.2755221128463745,0.12907961010932922
spectral,32,0.222,0.3111999999999999,4,0.08430609852075577,0.10095535963773727,0.016649261116981506,0.018099578097462654,123,9.34059153223643e-06,0.2755221128463745,0.12907961010932922
spectral,32,0.222,0.3111999999999999,5,0.08430609852075577,0.10215222835540771,0.017846129834651947,0.01769188605248928,123,9.378361937706359e-06,0.2755221128463745,0.12907961010932922
spectral,32,0.222,0.3111999999999999,6,0.08430609852075577,0.10105031728744507,0.0167442187666893,0.017740225419402122,123,9.394000699103344e-06,0.2755221128463745,0.12907961010932922
spectral,32,0.222,0.3111999999999999,7,0.08430609852075577,0.10215838998556137,0.017852291464805603,0.01761750876903534,123,9.368319297209382e-06,0.2755221128463745,0.12907961010932922
spectral,32,0.222,0.3111999999999999,8,0.08430609852075577,0.10319092869758606,0.018884830176830292,0.01754773035645485,123,9.33549199544359e-06,0.2755221128463745,0.12907961010932922
spectral,32,0.222,0.3111999999999999,9,0.08430609852075577,0.09954199194908142,0.015235893428325653,0.017583034932613373,123,9.415306521987077e-06,0.2755221128463745,0.12907961010932922
spectral,32,0.222,0.3111999999999999,10,0.08430609852075577,0.10174837708473206,0.017442278563976288,0.017866479232907295,123,9.35340540308971e-06,0.2755221128463745,0.12907961010932922
spectral,32,0.222,0.3111999999999999,11,0.08430609852075577,0.10285475105047226,0.01854865252971649,0.01733851432800293,123,9.354017493024003e-06,0.2755221128463745,0.12907961010932922
spectral,32,0.222,0.3111999999999999,12,0.08430609852075577,0.10264887660741806,0.018342778086662292,0.01751929707825184,123,9.364352081320249e-06,0.2755221128463745,0.12907961010932922
spectral,32,0.222,0.3111999999999999,13,0.08430609852075577,0.10138633847236633,0.017080239951610565,0.017717517912387848,123,9.394771950610448e-06,0.2755221128463745,0.12907961010932922
spectral,32,0.222,0.3111999999999999,14,0.08430609852075577,0.10188325494527817,0.0175771564245224,0.017216235399246216,123,9.323161066276953e-06,0.2755221128463745,0.12907961010932922
spectral,32,0.222,0.3111999999999999,15,0.08430609852075577,0.10066287964582443,0.016356781125068665,0.01757950149476528,123,9.327119187219068e-06,0.2755221128463745,0.12907961010932922
spectral,35,0.555,0.17799999999999994,0,0.10362058132886887,0.11365211009979248,0.010031528770923615,0.010287713259458542,60,8.400255865126383e-06,0.2755221128463745,0.099166139960289
spectral,35,0.555,0.17799999999999994,1,0.10362058132886887,0.11359152942895889,0.009970948100090027,0.010406584478914738,60,8.516152774973307e-06,0.2755221128463745,0.099166139960289
spectral,35,0.555,0.17799999999999994,2,0.10362058132886887,0.11409298330545425,0.010472401976585388,0.01041551772505045,60,8.433986295131035e-06,0.2755221128463745,0.099166139960289
spectral,35,0.555,0.17799999999999994,3,0.10362058132886887,0.11443159729242325,0.010811015963554382,0.010452895425260067,60,8.540120688849129e-06,0.2755221128463745,0.099166139960289
spectral,35,0.555,0.17799999999999994,4,0.10362058132886887,0.11379188299179077,0.010171301662921906,0.010506928898394108,60,8.468177838949487e-06,0.2755221128463745,0.099166139960289
spectral,35,0.555,0.17799999999999994,5,0.10362058132886887,0.1139381006360054,0.010317519307136536,0.010313816368579865,60,8.505693585902918e-06,0.2755221128463745,0.099166139960289
spectral,35,0.555,0.17799999999999994,6,0.10362058132886887,0.11373598128557205,0.010115399956703186,0.0103800930082798,60,8.609843462181743e-06,0.2755221128463745,0.099166139960289
spectral,35,0.555,0.17799999999999994,7,0.10362058132886887,0.11451974511146545,0.010899163782596588,0.01048527006059885,60,8.560122296330519e-06,0.2755221128463745,0.099166139960289
spectral,35,0.555,0.17799999999999994,8,0.10362058132886887,0.11469197273254395,0.01107139140367508,0.010238570161163807,60,8.532797437510453e-06,0.2755221128463745,0.099166139960289
spectral,35,0.555,0.17799999999999994,9,0.10362058132886887,0.11269441992044449,0.009073838591575623,0.010249316692352295,60,8.455455827061087e-06,0.2755221128463745,0.099166139960289
spectral,35,0.555,0.17799999999999994,10,0.10362058132886887,0.11381467431783676,0.010194092988967896,0.010452424176037312,60,8.41680866869865e-06,0.2755221128463745,0.099166139960289
spectral,35,0.555,0.17799999999999994,11,0.10362058132886887,0.11450780183076859,0.01088722050189972,0.010259156115353107,60,8.404711479670368e-06,0.2755221128463745,0.099166139960289
spectral,35,0.555,0.17799999999999994,12,0.10362058132886887,0.11470314115285873,0.011082559823989868,0.010384397581219673,60,8.453794180240948e-06,0.2755221128463745,0.099166139960289
spectral,35,0.555,0.17799999999999994,13,0.10362058132886887,0.11379503458738327,0.010174453258514404,0.010376743040978909,60,8.426773092651274e-06,0.2755221128463745,0.099166139960289
spectral,35,0.555,0.17799999999999994,14,0.10362058132886887,0.11436474323272705,0.010744161903858185,0.010257783345878124,60,8.522995813109446e-06,0.2755221128463745,0.099166139960289
spectral,35,0.555,0.17799999999999994,15,0.10362058132886887,0.1133996844291687,0.009779103100299835,0.010343787260353565,60,8.53626897878712e-06,0.2755221128463745,0.099166139960289
spectral,37,0.777,0.08919999999999997,0,0.13654166460037231,0.14111460745334625,0.004572942852973938,0.004668752197176218,28,8.044948117458262e-06,0.2755221128463745,0.06697200983762741
spectral,37,0.777,0.08919999999999997,1,0.13654166460037231,0.14104142785072327,0.004499763250350952,0.004713907837867737,28,8.335854545293842e-06,0.2755221128463745,0.06697200983762741
spectral,37,0.777,0.08919999999999997,2,0.13654166460037231,0.14128857851028442,0.004746913909912109,0.004688621032983065,28,8.136423275573179e-06,0.2755221128463745,0.06697200983762741
spectral,37,0.777,0.08919999999999997,3,0.13654166460037231,0.1413506120443344,0.004808947443962097,0.004701806697994471,28,8.05237050371943e-06,0.2755221128463745,0.06697200983762741
spectral,37,0.777,0.08919999999999997,4,0.13654166460037231,0.14117659628391266,0.004634931683540344,0.004717037081718445,28,8.208296094380785e-06,0.2755221128463745,0.06697200983762741
spectral,37,0.777,0.08919999999999997,5,0.13654166460037231,0.14135880768299103,0.004817143082618713,0.004627394489943981,28,8.244087439379655e-06,0.2755221128463745,0.06697200983762741
spectral,37,0.777,0.08919999999999997,6,0.13654166460037231,0.14114584028720856,0.004604175686836243,0.004654696211218834,28,8.320459528476931e-06,0.2755221128463745,0.06697200983762741
spectral,37,0.777,0.08919999999999997,7,0.13654166460037231,0.1413523107767105,0.004810646176338196,0.00476493826135993,28,8.338964107679203e-06,0.2755221128463745,0.06697200983762741
spectral,37,0.777,0.08919999999999997,8,0.13654166460037231,0.14139533042907715,0.004853665828704834,0.0046105398796498775,28,8.126417924358975e-06,0.2755221128463745,0.06697200983762741
spectral,37,0.777,0.08919999999999997,9,0.13654166460037231,0.14091096818447113,0.004369303584098816,0.0046251025050878525,28,8.284264367830474e-06,0.2755221128463745,0.06697200983762741
spectral,37,0.777,0.08919999999999997,10,0.13654166460037231,0.14125345647335052,0.0047117918729782104,0.004725523293018341,28,8.185750630218536e-06,0.2755221128463745,0.06697200983762741
spectral,37,0.777,0.08919999999999997,11,0.13654166460037231,0.14149422943592072,0.004952564835548401,0.004619508050382137,28,8.124710802803747e-06,0.2755221128463745,0.06697200983762741
spectral,37,0.777,0.08919999999999997,12,0.13654166460037231,0.14126412570476532,0.004722461104393005,0.004727268125861883,28,8.37900097394595e-06,0.2755221128463745,0.06697200983762741
spectral,37,0.777,0.08919999999999997,13,0.13654166460037231,0.14086689054965973,0.0043252259492874146,0.004679357632994652,28,8.003034963621758e-06,0.2755221128463745,0.06697200983762741
spectral,37,0.777,0.08919999999999997,14,0.13654166460037231,0.14156702160835266,0.005025357007980347,0.004701081197708845,28,7.933820597827435e-06,0.2755221128463745,0.06697200983762741
spectral,37,0.777,0.08919999999999997,15,0.13654166460037231,0.14091452956199646,0.0043728649616241455,0.0046827481128275394,28,8.289775905723218e-06,0.2755221128463745,0.06697200983762741
spectral,38,0.888,0.044799999999999986,0,0.14701847732067108,0.14877639710903168,0.0017579197883605957,0.001684621092863381,14,9.579491234035231e-06,0.2755221128463745,0.04033248871564865
spectral,38,0.888,0.044799999999999986,1,0.14701847732067108,0.14865778386592865,0.0016393065452575684,0.001696862280368805,14,9.79772175924154e-06,0.2755221128463745,0.04033248871564865
spectral,38,0.888,0.044799999999999986,2,0.14701847732067108,0.14880621433258057,0.0017877370119094849,0.0016882382333278656,14,9.713140570966061e-06,0.2755221128463745,0.04033248871564865
spectral,38,0.888,0.044799999999999986,3,0.14701847732067108,0.1487654447555542,0.0017469674348831177,0.001694423146545887,14,9.537243386148475e-06,0.2755221128463745,0.04033248871564865
spectral,38,0.888,0.044799999999999986,4,0.14701847732067108,0.14867952466011047,0.001661047339439392,0.001695685088634491,14,9.700824193714652e-06,0.2755221128463745,0.04033248871564865
spectral,38,0.888,0.044799999999999986,5,0.14701847732067108,0.14877678453922272,0.0017583072185516357,0.0016663999995216727,14,9.632219189370517e-06,0.2755221128463745,0.04033248871564865
spectral,38,0.888,0.044799999999999986,6,0.14701847732067108,0.14860902726650238,0.0015905499458312988,0.0016693997895345092,14,9.531062460155226e-06,0.2755221128463745,0.04033248871564865
spectral,38,0.888,0.044799999999999986,7,0.14701847732067108,0.14876867830753326,0.0017502009868621826,0.0017065709689632058,14,9.268323083233554e-06,0.2755221128463745,0.04033248871564865
spectral,38,0.888,0.044799999999999986,8,0.14701847732067108,0.14885245263576508,0.0018339753150939941,0.0016655767103657126,14,9.40327845455613e-06,0.2755221128463745,0.04033248871564865
spectral,38,0.888,0.044799999999999986,9,0.14701847732067108,0.14849764108657837,0.0014791637659072876,0.0016811572713777423,14,9.642129043641035e-06,0.2755221128463745,0.04033248871564865
spectral,38,0.888,0.044799999999999986,10,0.14701847732067108,0.14875133335590363,0.001732856035232544,0.0017021916573867202,14,9.630708518670872e-06,0.2755221128463745,0.04033248871564865
spectral,38,0.888,0.044799999999999986,11,0.14701847732067108,0.14889709651470184,0.0018786191940307617,0.0016613394254818559,14,9.66630886978237e-06,0.2755221128463745,0.04033248871564865
spectral,38,0.888,0.044799999999999986,12,0.14701847732067108,0.14880166947841644,0.0017831921577453613,0.0017045190325006843,14,9.707398930913769e-06,0.2755221128463745,0.04033248871564865
spectral,38,0.888,0.044799999999999986,13,0.14701847732067108,0.1484454870223999,0.0014270097017288208,0.0016759381396695971,14,9.68876247497974e-06,0.2755221128463745,0.04033248871564865
spectral,38,0.888,0.044799999999999986,14,0.14701847732067108,0.14893805980682373,0.001919582486152649,0.0016983356326818466,14,9.550863069307525e-06,0.2755221128463745,0.04033248871564865
spectral,38,0.888,0.044799999999999986,15,0.14701847732067108,0.14868877828121185,0.0016703009605407715,0.001682716771028936,14,9.548481102683581e-06,0.2755221128463745,0.04033248871564865
